{"R": 124.92485190048218, "G": 115.91238107604981, "B": 106.15038273849487}